rule,trades,win,give_back,gb_mean,bars,mean,in_mkt,cagr,hold,names,reentry
RANDOM ~ close < EMA20,16538,0.4018623775547225,0.019078674081390065,0.04212270579384505,11.586165195307776,0.007194720371528698,0.2857291975777169,-0.0036893438019327666,0.1306493529329248,231,live
RANDOM ~ drop -4%,10389,0.42005967850611226,0.027586148417527222,0.05996962394693155,23.523630763307345,0.02491240506148806,0.3644265568358219,0.018851136921404582,0.1306493529329248,231,live
RANDOM ~ hull55 +1bar,9758,0.4624923139987702,0.04081629959964697,0.06821575681449245,22.472330395572865,0.02287904092194974,0.3269947972508489,0.015079809836434203,0.1306493529329248,231,live
close < EMA20,11533,0.24252146015780804,0.04724397837508977,0.05963641666853755,11.492239660105783,0.020544221725484268,0.19764183791699164,0.047102775555751465,0.1306493529329248,231,live
RANDOM ~ 3day -8%,5811,0.4637755980037859,0.04776117500432253,0.09422002463279903,51.80382034073309,0.07043727078594642,0.4488948072417974,0.03720676163984143,0.1306493529329248,231,live
RANDOM ~ drop -6%,5164,0.46146398140975986,0.05076116683645067,0.10318813250640947,61.589465530596435,0.08082757871488225,0.4742688340563102,0.026051061408639293,0.1306493529329248,231,live
RANDOM ~ trail 15%,4875,0.49353846153846154,0.06632323451867102,0.11057316036075712,62.4531282051282,0.08118752313288241,0.4540051028396662,0.04478136225767171,0.1306493529329248,231,live
hull55 +1bar,6734,0.36174636174636177,0.06878306997955219,0.08468169334662674,22.57989307989308,0.04271650494830015,0.2267393570302726,0.050090166115503716,0.1306493529329248,231,live
drop -4%,9064,0.3819505736981465,0.07317062316223796,0.08589924283279024,24.162400706090025,0.02996258988778632,0.3265817386338049,0.06439062372385478,0.1306493529329248,231,live
RANDOM ~ drop -8%,3136,0.484375,0.08772716493340803,0.14740709880995578,117.52232142857143,0.1528237778930614,0.5495767267565057,0.04181126650571912,0.1306493529329248,231,live
RANDOM ~ 3day -12%,3123,0.505603586295229,0.0933852140077821,0.15124122499083,115.37656099903938,0.14102269265316497,0.5373057543389795,0.043143658323735096,0.1306493529329248,231,live
RANDOM ~ vol climax,3013,0.5024892134085629,0.10714281432943008,0.15863529980997731,117.9983405243943,0.1651059371024081,0.5301599893827532,0.05613898581293256,0.1306493529329248,231,live
RANDOM ~ trail 25%,2867,0.5127310777816533,0.11401872311003464,0.16559974335831584,124.44576212068364,0.1906259761318671,0.5320344106160538,0.045995810482846546,0.1306493529329248,231,live
drop -6%,4683,0.4238735853085629,0.11636384682374269,0.13752603566404895,61.384368994234464,0.08019969046315163,0.4286608997520157,0.0821840159324301,0.1306493529329248,231,live
RANDOM ~ 2x ATR down,2620,0.5103053435114504,0.12424057092919441,0.17644199375232966,143.3148854961832,0.17869752727642235,0.5599181040460359,0.04270547188749185,0.1306493529329248,231,live
3day -8%,4777,0.39941385806991836,0.125000132439276,0.13697644118759417,53.10069081013188,0.07576267713884426,0.3782573101682506,0.0836720568404821,0.1306493529329248,231,live
vol climax,2747,0.46923917000364035,0.12676051406511754,0.17795046004662066,123.3520203858755,0.19438250377214322,0.5052855099931853,0.047805737544386405,0.1306493529329248,231,live
2x ATR down,2434,0.4745275267050123,0.1526873447918254,0.20037249031235937,148.82703368940017,0.2151044450033088,0.5401747968631405,0.05869291242891187,0.1306493529329248,231,live
drop -8%,2833,0.45958348040945995,0.15833333333333333,0.19213817483850948,121.50829509354041,0.16745125148327117,0.5133155484508811,0.0794324065563416,0.1306493529329248,231,live
trail 15%,3810,0.4010498687664042,0.16310783922538297,0.16543841041799712,62.79186351706037,0.1017512097694514,0.35674694716875904,0.07453734439836651,0.1306493529329248,231,live
3day -12%,2781,0.44660194174757284,0.1853932584269663,0.20230779914772287,118.25314635023373,0.15232968333934538,0.49039452317079907,0.07599378428141969,0.1306493529329248,231,live
trail 25%,2340,0.4311965811965812,0.2582852936600625,0.22599616420238738,126.1025641025641,0.2155656262734332,0.44001926612755315,0.07881754321672757,0.1306493529329248,231,live
RANDOM ~ close < EMA20,6984,0.38903207331042383,0.021195335142241027,0.04348513816105791,12.162371134020619,0.006229424633915889,0.12666435035721368,0.0013851434818317326,0.1306493529329248,231,edge
RANDOM ~ drop -4%,5405,0.42756706753006474,0.034482970721660657,0.07019718371749978,30.38686401480111,0.02441832847979921,0.2449139361802069,0.012309834584898273,0.1306493529329248,231,edge
RANDOM ~ hull55 +1bar,5968,0.4509048257372654,0.04141510450215272,0.06897352196820238,22.63220509383378,0.021622025246879294,0.20141304817873956,0.008569811520247633,0.1306493529329248,231,edge
close < EMA20,8464,0.25578922495274103,0.05093833420909352,0.06293220793098599,12.334002835538753,0.024754354357005785,0.1556723982899075,0.04702329065116124,0.1306493529329248,231,edge
RANDOM ~ 3day -8%,4083,0.4589762429586089,0.055248504791862066,0.10311658117392683,57.821699730590254,0.057434937094803906,0.3520482190015911,0.020106454526090896,0.1306493529329248,231,edge
RANDOM ~ drop -6%,3673,0.46555948815682,0.06086066851401993,0.11251933160647197,71.62020147018785,0.07815620625964384,0.392272970607226,0.028141131892449905,0.1306493529329248,231,edge
hull55 +1bar,6844,0.3617767387492694,0.06923322828387637,0.08549819085017137,22.73085914669784,0.04326393779625313,0.2319838593990221,0.05266713630973292,0.1306493529329248,231,edge
drop -4%,5233,0.399388496082553,0.07429928284583265,0.08791650327791775,30.945346837378178,0.0352197882060617,0.24147824284566075,0.045453845185371385,0.1306493529329248,231,edge
RANDOM ~ trail 15%,3845,0.48660598179453834,0.07608693295912977,0.11966982769840934,65.69882964889467,0.06311970716198004,0.37669156450797564,0.013394379831837404,0.1306493529329248,231,edge
RANDOM ~ 3day -12%,2689,0.4871699516548903,0.10714281432943008,0.1618454337163209,120.82000743770918,0.14039262857074333,0.48446407508421474,0.03221372017374218,0.1306493529329248,231,edge
RANDOM ~ drop -8%,2486,0.49637972646822204,0.10946143248452193,0.16754340904958256,135.06074014481095,0.1618018694398927,0.500682217751977,0.030846559374402328,0.1306493529329248,231,edge
RANDOM ~ vol climax,2660,0.49624060150375937,0.11091461873314304,0.16401490095515248,121.22293233082706,0.15045532357271474,0.4808375098977494,0.03156578282666112,0.1306493529329248,231,edge
RANDOM ~ trail 25%,2655,0.504708097928437,0.11486495234908267,0.16700436132912835,123.44105461393598,0.15980900485162425,0.4887154473484471,0.037587907927750866,0.1306493529329248,231,edge
drop -6%,3397,0.4486311451280542,0.12,0.14217001071424487,74.12010597586105,0.09043881085028839,0.37545984458855935,0.07182488145508087,0.1306493529329248,231,edge
vol climax,2545,0.46404715127701374,0.1263940031023682,0.17857079819155325,123.64165029469548,0.21651189918660488,0.469228624216568,0.03821799487860462,0.1306493529329248,231,edge
3day -8%,3807,0.41502495403204626,0.12676051406511754,0.13869864213765296,59.52850013133701,0.07827473956447231,0.3379401050093423,0.07357587457158463,0.1306493529329248,231,edge
RANDOM ~ 2x ATR down,2326,0.5004299226139295,0.1311475753807783,0.18466920153665195,149.00515907136716,0.20751574331700862,0.5168243099162401,0.03628573023528465,0.1306493529329248,231,edge
2x ATR down,2245,0.4775055679287305,0.15584421696711218,0.2027841441429755,152.37728285077952,0.21574015879605138,0.5101154625585477,0.054675602788559,0.1306493529329248,231,edge
trail 15%,3410,0.41143695014662757,0.16241491261152013,0.16401793949066973,66.51730205278592,0.10527907281453666,0.338236851091623,0.08323350081654932,0.1306493529329248,231,edge
drop -8%,2370,0.4751054852320675,0.16539840354040275,0.19839520928191212,135.91139240506328,0.18751753929787832,0.4803260329820596,0.07457410710991685,0.1306493529329248,231,edge
3day -12%,2470,0.45587044534412957,0.18686461192545578,0.20348110476064685,125.41902834008097,0.15855089417919627,0.46194716130311797,0.07385650354109324,0.1306493529329248,231,edge
trail 25%,2247,0.43168669336893634,0.25806447758733114,0.22594420582063662,127.19270137961726,0.2161607938917937,0.4261840392360951,0.08102820276599912,0.1306493529329248,231,edge
