feat,h,bucket,ic,t,early,late,n_days
mom12_1,fwd5,0,0.00021984773683521433,0.06350032015615967,-6.018336440488737e-05,0.0008388880432418033,5869
mom12_1,fwd5,1,0.01988255784486549,5.122753300736344,0.021128935434052323,0.01708025374663907,5938
mom12_1,fwd5,2,0.026690388974770447,6.0860072650984165,0.023715454148556032,0.03329936617895904,5889
mom12_1,fwd5,3,0.022275328869569247,4.3330823871254065,0.02697792044045376,0.011872002659144223,5872
mom12_1,fwd5,4,0.02162752113961702,3.5742716295646426,0.028313855075134144,0.006572296588966853,5944
hi52,fwd5,0,-0.005124894119684257,-1.370863667157413,-0.012161490926698887,0.011219411155252355,6074
hi52,fwd5,1,0.02297686477910501,5.766659103540325,0.01436622459775025,0.04296786966404459,6072
hi52,fwd5,2,0.04562882539217578,9.020739085518194,0.03856136651951587,0.06197522370377647,6056
hi52,fwd5,3,0.06346299941022174,11.795322368993954,0.057327574244548846,0.07745230580547592,5996
hi52,fwd5,4,0.04698083367354657,7.794708217463822,0.047665420034048916,0.045386211833820675,6086
pastret1,fwd5,0,-0.03602844713987471,-12.341188360177263,-0.04245527881961808,-0.020829763687177434,6151
pastret1,fwd5,1,-0.02808801722782395,-12.36676615693124,-0.03582668062582455,-0.009863210921263441,6133
pastret1,fwd5,2,-0.013723197080267388,-5.533392441105994,-0.01867864444507527,-0.0020556667421201586,6132
pastret1,fwd5,3,-0.003052249477976048,-1.2526584165491952,-0.007032013073032315,0.0063180473016312645,6132
pastret1,fwd5,4,-0.01603411009692738,-6.547966806595743,-0.022659066432372716,-0.0003813822999971872,6147
pastret5,fwd5,0,-0.04663809969548817,-12.810385342593763,-0.050568760084567024,-0.0373404106788706,6152
pastret5,fwd5,1,-0.030145741065783726,-8.62803235476913,-0.03726254529870147,-0.0133815402851799,6134
pastret5,fwd5,2,-0.010521137753514865,-2.753567044500614,-0.017757079833007876,0.006519743347260522,6133
pastret5,fwd5,3,0.005866152835488968,1.4385620044080598,-0.00011063821254227276,0.019941691928363415,6133
pastret5,fwd5,4,-0.007953176800465547,-1.9394787013136159,-0.016824108639699537,0.013010950959649789,6148
rev1,fwd5,0,-0.039098876832405684,-9.602120113729919,-0.043929854518663616,-0.027671553246311986,6152
rev1,fwd5,1,-0.011660710979930607,-2.900951801556499,-0.019729420337014053,0.007345778348078876,6134
rev1,fwd5,2,0.008941522407577954,1.953812007902138,0.007404599049884255,0.01256102736100868,6133
rev1,fwd5,3,0.026737979234331903,5.653974545836978,0.024587138795401548,0.03180327906452618,6133
rev1,fwd5,4,0.022747281908447898,4.600235166038587,0.024536684885075717,0.01851849588053094,6148
rev5,fwd5,0,0.045978847151754584,12.794335340121044,0.050101943599996146,0.036225964743550824,6152
rev5,fwd5,1,0.03175369000821281,9.130017031971484,0.03971892832143931,0.012990934988107066,6134
rev5,fwd5,2,0.010199025844554534,2.6991381708883657,0.017258428678656578,-0.006426099538820365,6133
rev5,fwd5,3,-0.005922710861615541,-1.458856047673558,-0.00020711547706419312,-0.019383125593833022,6133
rev5,fwd5,4,0.008106168768366158,1.9691712276026931,0.01679240885661719,-0.012421488332971069,6148
lowvol,fwd5,0,0.029474953448023502,7.587975231765921,0.018021788524177285,0.056566575510775714,6152
lowvol,fwd5,1,0.04538122188954972,11.467921455644284,0.035225302692939504,0.06930430069731974,6134
lowvol,fwd5,2,0.060936315819735395,13.533477399714215,0.05473937152517136,0.0755303230342311,6133
lowvol,fwd5,3,0.05815888465061244,11.825506733934265,0.048113872472666554,0.08181521803466986,6133
lowvol,fwd5,4,0.039993580170148396,7.76269571742834,0.03309570365628328,0.05629490759897623,6148
volz20,fwd5,0,-0.007578975088410041,-2.2847323457335613,-0.0015368769264945327,-0.021619912173649156,6076
volz20,fwd5,1,-0.015528308801299188,-4.3070130983707555,-0.008449570254633314,-0.031962754311173354,6072
volz20,fwd5,2,-0.0015245637318176233,-0.38582262135057555,0.0050529611464445725,-0.016741386877425293,6057
volz20,fwd5,3,-0.002309287736205305,-0.6123887339121852,0.0018914876046409255,-0.011889721213222772,5997
volz20,fwd5,4,0.013684012363100073,2.9770524251466046,0.019909466513939156,-0.000820478462076979,6087
amihud60,fwd5,0,-0.013766762653214975,-3.064608623416011,-0.010867837368613723,-0.02016882029759969,5865
amihud60,fwd5,1,-0.008364406884013555,-2.307362452781597,-0.0059532354992217346,-0.01403619952876455,6128
amihud60,fwd5,2,-0.019633338464901704,-5.5204435964713845,-0.016508714139882065,-0.026990221996020167,6132
amihud60,fwd5,3,-0.029617727916029398,-7.923827913350089,-0.019619776431873407,-0.053163231821549944,6133
amihud60,fwd5,4,-0.03699185347279752,-8.55764828981554,-0.03580467498992915,-0.03979743938417133,6148
atr_mom20,fwd5,0,-0.03434681220682335,-8.76086459370538,-0.03795168192520297,-0.025819757139934153,6152
atr_mom20,fwd5,1,-0.007573960302033173,-2.129778829569364,-0.013737831875965069,0.006945531490828278,6134
atr_mom20,fwd5,2,0.010467357441244897,2.5162943743978468,0.00809792307912976,0.016047453135394595,6133
atr_mom20,fwd5,3,0.028765931057529476,6.560545977751749,0.028413628154493387,0.029595615957732066,6133
atr_mom20,fwd5,4,0.02578639741989877,5.5779903307701035,0.028932029954370116,0.018352517469725806,6148
squeeze,fwd5,0,-0.014463012365420486,-3.9094803551714827,-0.0014621794561257419,-0.04467501356820171,6076
squeeze,fwd5,1,-0.018757576955646837,-5.284527535087626,-0.013037989248620728,-0.032036532222943774,6072
squeeze,fwd5,2,-0.013115959386620493,-3.2770976480765865,-0.012811519964387815,-0.013820266999652216,6057
squeeze,fwd5,3,0.004834427762773177,1.1516325119558857,0.004341816063359591,0.0059578950356699144,5997
squeeze,fwd5,4,0.016988009974671,3.478894816231992,0.01952008567815408,0.01108860602437863,6087
mom12_1,fwd20,0,0.002311634021716624,0.3775505247740755,0.0004324380928922958,0.006504324331752156,5858
mom12_1,fwd20,1,0.034074808116105505,4.779824827192692,0.03831554065374261,0.02445187725022627,5927
mom12_1,fwd20,2,0.04299638434406421,5.259286174605326,0.039635081576486986,0.05053475006550326,5879
mom12_1,fwd20,3,0.03852951903348689,4.247435255381475,0.0480500679553996,0.01726713481681589,5862
mom12_1,fwd20,4,0.025337502307297623,2.3034334303927104,0.0357091332169622,0.001762493493879127,5934
hi52,fwd20,0,-0.00774487980287892,-1.1032652504233877,-0.012748279841794288,0.003983995081506254,6063
hi52,fwd20,1,0.03793838307632417,5.044193169195816,0.03003914964976197,0.05644690133117038,6061
hi52,fwd20,2,0.07004489412194978,7.562475932086338,0.06506463380390774,0.08167282678950184,6046
hi52,fwd20,3,0.08965911651886886,9.55714870255368,0.08273191950026734,0.10560351428975917,5986
hi52,fwd20,4,0.06865426915151995,6.242327547850738,0.07230809591045079,0.06006283866430419,6076
pastret1,fwd20,0,-0.03098018930789277,-10.86015571993335,-0.03815764259180099,-0.013850106373821683,6140
pastret1,fwd20,1,-0.013975373642531224,-5.952413425263191,-0.022252602056905428,0.00569731098931568,6122
pastret1,fwd20,2,0.004345569129031985,1.8025175446361363,0.0019109019236151084,0.010132100286307948,6122
pastret1,fwd20,3,0.01170124823312869,4.947277688642754,0.009855568399535945,0.016087919166913104,6122
pastret1,fwd20,4,0.0029373695249974682,1.133591800423263,0.001290058257101223,0.0068662023558763215,6137
pastret5,fwd20,0,-0.04621610472880449,-10.436503085723045,-0.052020037651143144,-0.03236093556836228,6141
pastret5,fwd20,1,-0.010687942519812527,-2.5777709944194815,-0.01874847998375325,0.008474173569312963,6123
pastret5,fwd20,2,0.011341930434345933,2.3981535957757747,0.009236285817747374,0.016347627233871467,6123
pastret5,fwd20,3,0.025271657642510024,5.39432657843436,0.024939000956945172,0.026062474142666964,6123
pastret5,fwd20,4,0.01647424610683645,3.3440090637548767,0.018983990010131145,0.010487129514586286,6138
rev1,fwd20,0,-0.04599673045945364,-7.7885525236644675,-0.050622376768358436,-0.034954371262024,6141
rev1,fwd20,1,-0.0003865087651322832,-0.06460984515305207,-0.0070033673993727605,0.015343585395693114,6123
rev1,fwd20,2,0.02387047717894029,3.3841237558953643,0.027689243173218824,0.014792219354703947,6123
rev1,fwd20,3,0.04421338686674566,6.318328487117633,0.04727412787919446,0.03693716305888339,6123
rev1,fwd20,4,0.037179564458517604,4.788476251983649,0.045089731046957036,0.018309475933972356,6138
rev5,fwd20,0,0.043758031615313824,10.35730292168779,0.049272547039367266,0.030593760928439417,6141
rev5,fwd20,1,0.011611903307137392,2.8239308261855554,0.020608193794932443,-0.009774755271128829,6123
rev5,fwd20,2,-0.010271199323799761,-2.2228858726719927,-0.007800716612224194,-0.016144216691086406,6123
rev5,fwd20,3,-0.02543006905183019,-5.445365147934458,-0.025176230712362618,-0.02603351264979225,6123
rev5,fwd20,4,-0.01658742293666243,-3.3714091679983667,-0.019342048045971463,-0.010016130273804408,6138
lowvol,fwd20,0,0.041927799111734824,5.926375131228678,0.03329781378497028,0.06252933054815897,6141
lowvol,fwd20,1,0.06223750781461857,8.30379652397602,0.04771194639898437,0.09676876523402475,6123
lowvol,fwd20,2,0.08255496876595249,10.299980589065784,0.07634771669006572,0.09731131539974835,6123
lowvol,fwd20,3,0.0737710250071635,8.310574215258976,0.05643144148391388,0.11499198749210884,6123
lowvol,fwd20,4,0.052414597030831615,5.596136609063973,0.038387130503130966,0.08587780317109926,6138
volz20,fwd20,0,-0.000958419328437819,-0.17977299889996912,0.010740721551724947,-0.028396227945344646,6065
volz20,fwd20,1,-0.0168233719124333,-2.7412602426123267,-0.002823988043005465,-0.04962501707367402,6061
volz20,fwd20,2,0.009471555802539552,1.5122847630747733,0.02352055203613922,-0.023337848528988854,6047
volz20,fwd20,3,0.007394704498165236,1.1241365024219665,0.016583129548098947,-0.013759452235658984,5987
volz20,fwd20,4,0.01953318203147807,2.402714398477977,0.032035031567901384,-0.009869954440286424,6077
amihud60,fwd20,0,-0.01337451297822413,-1.6665896661988042,-0.01184594430416023,-0.016781543321242466,5854
amihud60,fwd20,1,-0.010254483211611796,-1.5581018067193955,-0.006991962798076749,-0.01800139461826837,6118
amihud60,fwd20,2,-0.029779804800730985,-4.677480296265308,-0.03169849478705986,-0.0252196089093404,6122
amihud60,fwd20,3,-0.03459466156845708,-5.286147099037184,-0.019850596826097324,-0.06964536153512588,6123
amihud60,fwd20,4,-0.04636614995687103,-6.204273058932855,-0.04209834597971652,-0.056547204673469624,6138
atr_mom20,fwd20,0,-0.042079446672590844,-7.617959265086159,-0.04685419104751309,-0.03068116004563911,6141
atr_mom20,fwd20,1,0.003759166871315054,0.6740064168073135,-0.0014881774743559853,0.01623354863074261,6123
atr_mom20,fwd20,2,0.028486100822795377,4.532982579400571,0.031809512088365466,0.020585437527369525,6123
atr_mom20,fwd20,3,0.04514347669071217,7.005033118980082,0.04806291362437803,0.038203171569862825,6123
atr_mom20,fwd20,4,0.03956924159489601,5.426841032933503,0.04764635031063783,0.02030090447653782,6138
squeeze,fwd20,0,-0.017304573396279305,-2.9551551628135444,4.617698255100011e-05,-0.05799701168132423,6065
squeeze,fwd20,1,-0.020503652636310897,-3.5364290950768944,-0.007710557158495726,-0.05047887028096553,6061
squeeze,fwd20,2,-0.01113642231323168,-1.663676794006478,-0.007731682290767698,-0.019087701549366544,6047
squeeze,fwd20,3,0.013710371218602099,2.075482360659744,0.016929890631635074,0.006298195802165463,5987
squeeze,fwd20,4,0.025643768826787514,2.9191803009463544,0.031582121054277476,0.011677340863181791,6077
